edon,edo,estado,CAND01f,CAND02f,CAND03f,CAND04f,CAND05f,CAND06f,CAND07f,CAND08f,CAND09f,CAND10f,CAND11f,CAND12f,CAND13f,CAND14f,CAND15f,CAND16f,CAND17f,CAND18f,CAND19f,CAND20f,CAND21f,CAND22f,CAND23f,CAND24f,CAND25f,CAND26f,CAND27f,CAND28f,CAND29f,CAND30f,CAND31f,CAND32f,CAND33f,total.f,CAND34m,CAND35m,CAND36m,CAND37m,CAND38m,CAND39m,CAND40m,CAND41m,CAND42m,CAND43m,CAND44m,CAND45m,CAND46m,CAND47m,CAND48m,CAND49m,CAND50m,CAND51m,CAND52m,CAND53m,CAND54m,CAND55m,CAND56m,CAND57m,CAND58m,CAND59m,CAND60m,CAND61m,CAND62m,CAND63m,CAND64m,total.m,personas.que.votaron,lista.nominal
1,ags,Aguascalientes,"14,877","12,510","37,193","14,483","15,610","13,694","10,763","66,327","15,948","10,256","7,777","9,636","7,439","8,791","7,946","55,394","9,298","3,437","5,015","46,153","3,607","65,932","3,607","4,734","5,353","64,185","3,550","2,480","4,001","4,114","21,808","2,480","5,072",563523,"76,107","7,838","25,179","7,488","8,802","6,963","26,975","14,845","8,758","52,285","5,824","6,744","7,182","5,518","51,059","23,165","5,255","3,197","4,773","4,291","3,459","4,248","3,022","4,072","6,043","3,197","5,386","44,622","3,503","3,635","4,379",437902,139164,1123181
2,bc,Baja California,"46,381","42,448","111,267","43,836","51,238","43,836","35,855","77,841","51,817","32,501","27,065","27,875","24,983","24,752","28,222","45,340","30,650","11,913","15,499","16,193","12,723","77,956","14,226","16,077","20,241","78,650","12,838","9,022","16,771","10,757","69,629","8,675","19,316",1156621,"118,193","22,870","80,671","23,406","24,568","19,922","90,231","43,507","26,086","36,539","19,922","21,620","21,977","15,277","33,859","76,919","21,798","11,614","20,012","14,115","13,490","15,009","11,346","12,150","17,242","11,703","18,135","9,916","13,043","13,401","14,562",893372,298081,3303859
3,bcs,Baja California Sur,"7,231","6,370","31,040","6,641","7,551","6,592","5,214","24,055","8,338","4,501","3,714","4,058","3,493","3,739","4,009","17,611","5,706","2,312","2,706","3,099","1,992","25,211","2,681","2,779","4,108","25,063","2,189","1,500","3,591","1,918","12,175","1,451","3,320",245961,"30,182","3,241","12,984","3,070","3,642","2,650","14,319","18,514","4,156","16,912","3,318","2,917","3,279","2,288","16,187","13,709","3,985","2,059","3,775","2,421","2,441","3,851","1,983","1,964","2,574","2,040","3,413","1,697","2,383","2,307","2,421",190665,59177,629889
4,cam,Campeche,"8,582","12,247","58,045","7,935","9,746","9,099","7,115","60,632","10,608","6,167","4,744","5,002","4,614","4,054","14,748","40,752","5,045","2,674","12,290","3,407","2,286","51,447","3,105","3,019","4,485","51,015","2,199","1,811","4,011","2,372","12,506","1,682","3,881",431238,"57,688","4,128","14,119","13,202","14,185","3,505","16,052","43,799","4,783","42,750","3,931","3,571","3,669","2,883","40,719","16,019","4,324","2,195","4,226","2,621","2,653","2,719","2,228","2,129","2,719","2,326","4,095","1,867","2,686","2,981","2,752",327589,104803,701585
5,coa,Coahuila,"62,838","58,882","207,599","49,340","60,976","51,434","43,289","292,081","59,813","36,772","28,394","131,495","27,928","26,066","32,350","165,707","65,631","14,430","119,393","96,352","83,319","257,637","16,291","16,291","23,041","159,423","12,800","10,706","18,153","12,568","56,554","9,309","20,713",2327341,"278,671","28,523","69,623","26,397","26,220","22,676","81,847","165,644","26,751","259,715","21,436","21,436","21,968","16,476","208,516","65,017","24,094","13,818","19,487","13,996","13,641","168,124","12,933","12,755","15,944","12,578","19,133","61,297","13,464","12,933","15,944",1771590,596662,2454826
6,col,Colima,"7,994","6,865","25,135","7,787","8,685","7,257","6,013","19,560","9,100","5,368","4,078","4,976","4,055","4,170","4,193","13,501","5,138","2,396","2,719","3,387","2,396","19,537","2,672","3,456","3,824","19,329","2,327","1,428","3,248","2,235","12,210","1,889","3,456",230384,"25,420","3,827","14,241","3,649","5,305","3,115","15,131","12,692","4,148","11,500","3,186","3,667","3,774","2,563","11,126","13,511","3,881","2,991","4,005","2,474","2,439","2,439","2,207","2,225","2,955","2,065","3,560","1,798","2,439","2,617","3,080",178014,59008,592210
7,cps,Chiapas,"32,314","30,552","403,930","26,733","37,308","30,552","24,089","494,704","38,190","24,383","17,332","212,394","14,688","13,807","16,157","356,927","180,961","7,638","7,638","10,869","6,169","408,924","8,225","9,107","12,044","438,595","5,875","5,288","9,988","5,875","32,902","4,113","9,107",2937673,"450,522","15,968","44,026","13,687","17,565","12,774","48,360","360,418","16,652","354,715","12,318","10,721","11,178","7,756","463,068","39,920","12,774","6,387","12,546","7,756","7,756","294,493","6,615","5,703","6,615","5,703","10,265","5,018","6,615","7,300","6,387",2281125,672065,4031733
8,cua,Chihuahua,"59,704","40,110","102,707","66,806","48,395","52,471","37,085","114,806","47,080","33,403","28,406","31,167","28,537","27,880","25,512","79,431","27,617","11,573","49,973","50,499","10,915","110,335","12,230","13,940","16,175","66,674","11,573","9,074","13,019","13,019","48,395","8,285","18,148",1315075,"134,948","25,278","61,432","24,472","28,601","20,846","67,273","55,591","25,076","66,366","21,551","21,350","20,846","18,027","81,372","56,698","18,732","29,306","15,912","12,991","11,883","37,967","10,876","12,588","17,523","10,776","15,811","44,815","10,776","12,387","15,106",1007075,386352,3139070
9,df,CdMx,"126,841","120,547","605,157","125,873","157,341","170,412","109,896","417,316","228,507","99,730","76,976","125,388","71,651","73,103","91,984","203,817","141,849","34,857","51,317","56,159","38,246","445,395","43,571","49,865","78,428","458,467","44,055","28,079","57,127","32,436","391,657","27,595","58,095",4841252,"594,675","59,430","391,716","56,814","91,201","49,712","400,312","272,108","125,588","203,333","55,319","56,066","71,391","51,581","208,192","350,600","58,683","33,266","59,804","40,368","34,761","52,328","38,499","58,309","48,217","39,620","74,755","39,994","44,853","36,630","39,994",3737745,1181230,7955241
10,dgo,Durango,"48,929","37,975","75,859","41,353","45,826","34,597","30,581","57,510","38,979","29,668","22,365","24,830","22,182","20,539","21,543","43,909","27,751","10,863","13,967","17,070","9,676","49,112","12,050","12,780","15,975","48,290","10,407","7,851","12,597","9,402","33,046","7,394","17,801",912860,"87,643","24,110","45,034","22,655","22,032","18,014","48,844","40,323","19,468","38,313","18,014","18,429","17,044","13,025","34,295","37,967","19,815","10,808","14,688","11,570","12,194","12,055","9,215","10,531","14,203","10,254","17,044","8,799","10,808","11,224","14,480",692827,279311,1418601
11,gua,Guanajuato,"41,361","39,424","127,818","40,116","49,108","43,851","34,721","122,838","55,194","29,326","24,208","25,453","23,378","21,856","26,145","86,181","30,986","12,035","14,801","49,384","11,343","128,372","14,525","17,015","23,378","132,107","12,035","9,545","19,228","11,205","78,987","8,300","19,366",1383315,"162,764","20,319","84,590","20,212","23,099","16,897","93,146","55,823","25,345","79,457","18,929","19,463","21,281","14,116","77,746","83,949","21,495","11,229","20,960","13,582","14,009","15,720","11,657","12,726","16,148","12,405","19,784","41,279","14,116","13,475","13,582",1069411,326884,4910315
12,gue,Guerrero,"26,986","33,141","252,184","28,248","37,402","32,036","24,934","228,197","37,086","21,462","14,519","17,044","12,783","11,205","16,570","187,166","15,781","7,102","6,628","9,469","5,050","216,361","7,733","7,259","15,308","218,412","11,520","5,366","11,520","5,366","41,820","3,630","8,837",1578124,"250,999","15,113","52,352","13,179","13,420","11,365","56,704","195,745","17,773","191,030","10,881","9,551","10,519","7,980","188,491","54,165","12,816","6,045","13,541","6,166","6,650","8,947","6,045","5,078","6,045","5,924","10,156","4,111","6,650","6,045","5,683",1209049,390429,2653878
13,hgo,Hidalgo,"31,029","120,906","168,385","31,831","39,856","35,844","30,226","139,496","42,665","24,609","18,724","20,329","18,858","16,718","21,399","39,990","24,475","9,897","12,037","14,712","9,362","146,852","14,311","13,107","21,533","144,846","9,763","7,891","17,119","11,368","56,441","6,955","15,648",1337453,"174,607","16,693","61,240","15,566","19,253","13,825","69,638","116,234","21,199","113,264","15,464","14,747","14,952","11,879","105,686","60,421","18,024","9,524","18,434","10,753","11,367","11,470","9,934","10,036","11,879","10,651","16,283","7,681","11,675","10,651","10,753",1024088,333724,2425650
14,jal,Jalisco,"61,016","57,965","197,894","58,779","75,456","66,711","51,253","170,031","120,404","45,152","37,016","53,084","35,796","33,965","42,711","109,625","47,186","17,898","20,949","43,525","23,593","176,539","21,356","24,610","32,949","154,573","17,898","13,423","27,660","16,067","126,913","24,000","28,474",2033859,"231,377","28,981","137,736","29,136","35,836","27,578","148,331","108,755","41,445","102,367","28,513","28,825","32,564","22,904","88,812","135,554","30,227","19,788","31,006","19,944","20,567","21,658","17,139","22,592","23,060","18,697","29,136","14,490","20,878","20,255","20,099",1558097,481695,6740010
15,mex,México,"187,282","192,558","718,136","203,769","243,995","237,400","172,115","577,674","274,329","151,013","120,019","137,165","117,381","113,425","140,462","329,723","160,245","58,691","77,815","86,387","55,393","554,593","73,858","83,750","114,084","577,674","68,582","49,458","90,344","58,691","419,407","44,842","103,533",6594453,"735,217","98,776","431,253","102,849","119,142","87,065","469,948","358,444","134,416","296,836","92,666","102,340","106,413","102,849","314,657","406,813","97,248","50,406","94,193","60,080","62,626","69,245","58,553","65,681","91,648","62,626","95,721","114,559","72,809","62,626","74,336",5091530,1634358,13201180
16,mic,Michoacán,"51,272","45,240","176,736","53,534","50,970","44,335","42,676","170,101","50,216","32,723","50,065","27,295","23,072","25,033","25,787","98,623","41,621","11,762","13,270","17,493","34,533","144,013","11,762","14,175","17,794","117,623","10,858","7,842","13,572","9,350","52,026","7,238","15,231",1507990,"183,452","26,625","69,089","24,378","27,860","19,435","74,145","122,114","23,816","115,598","19,098","20,783","22,131","17,076","109,195","59,653","21,008","9,886","17,300","12,020","11,234","12,020","9,886","10,223","14,492","10,223","16,739","9,437","11,122","11,009","12,245",1123403,410645,3728843
17,mor,Morelos,"16,825","19,248","86,340","17,240","23,679","21,810","16,271","60,930","29,357","14,540","9,832","11,563","10,247","9,001","13,363","38,704","16,271","5,539","6,716","8,309","5,124","67,646","7,893","7,408","13,432","69,377","5,816","4,362","10,247","5,470","46,320","3,877","9,555",692381,"86,390","8,138","46,725","7,653","9,755","7,275","52,060","43,437","14,066","36,970","8,515","7,545","8,946","7,168","36,216","47,371","10,832","5,066","11,749","5,713","6,629","6,844","5,928","5,766","6,629","6,198","10,078","4,204","12,611","6,575","5,928",538924,171637,1564419
18,nay,Nayarit,"14,944","13,635","49,559","14,099","17,519","14,564","10,722","38,119","15,281","9,456","7,345","8,358","7,218","7,387","7,978","30,098","9,836","4,010","4,855","4,939","3,250","38,414","4,221","4,348","5,825","37,654","3,461","2,491","4,939","3,461","16,083","2,533","5,488",422134,"52,262","7,582","20,631","6,704","6,964","5,727","22,681","31,337","6,964","32,932","5,955","6,150","5,597","4,133","27,237","19,395","6,931","3,645","6,118","4,003","3,938","4,361","3,091","3,157","4,556","3,189","5,500","2,896","3,645","3,775","4,393",325415,112750,962583
19,nl,Nuevo León,"53,636","49,560","234,068","54,065","59,429","54,709","43,338","232,996","62,433","73,589","32,182","140,527","30,894","31,538","33,898","65,222","40,120","16,305","56,211","57,498","120,789","238,788","20,167","22,956","31,324","100,622","16,735","13,302","24,458","14,589","81,527","11,800","26,389",2145449,"176,803","28,181","87,378","134,137","31,015","22,829","100,760","63,133","31,330","190,028","59,669","27,237","35,738","20,467","85,332","84,544","26,607","15,272","25,190","18,893","18,420","122,172","15,114","18,578","23,458","16,374","23,616","14,642","18,578","19,050","19,680",1574382,482231,4544515
20,oax,Oaxaca,"37,612","40,900","303,771","37,612","51,382","43,161","33,912","273,764","49,327","32,062","27,746","24,252","22,608","21,375","25,897","42,339","24,663","9,865","12,743","18,087","9,043","268,009","13,976","14,798","220,943","270,681","9,454","8,221","18,703","9,454","55,904","6,988","16,031",2055287,"326,636","23,593","66,634","18,811","23,434","17,057","74,764","243,263","24,868","233,539","18,811","17,695","16,738","12,275","227,322","65,040","19,608","9,565","20,724","11,637","12,753","12,434","9,405","9,246","10,999","10,202","15,463","8,130","11,478","11,956","10,043",1594125,503793,3143804
21,pue,Puebla,"51,448","56,703","403,560","50,341","66,661","64,724","47,022","342,431","77,725","39,554","29,873","32,362","29,320","27,937","36,235","294,303","39,277","14,936","16,596","21,022","14,107","356,814","18,532","20,192","32,639","366,772","17,149","11,894","24,341","13,277","114,789","10,511","22,681",2766001,"409,187","26,282","121,154","23,504","30,342","21,581","134,402","299,359","39,103","285,042","23,291","21,581","25,214","18,376","277,350","117,949","27,564","13,248","25,641","15,171","15,598","16,667","14,957","16,239","17,308","15,598","23,291","11,111","18,803","15,385","15,598",2136749,656773,5040479
22,que,Querétaro,"21,534","21,986","78,082","21,805","36,734","27,505","18,276","85,953","33,838","16,286","12,214","41,167","12,938","12,667","14,657","27,505","22,891","6,514","25,876","36,010","33,024","86,405","8,233","9,138","13,119","62,791","6,967","23,795","10,676","7,329","53,924","4,705","10,314",904769,"97,953","10,705","56,393","10,425","14,203","8,676","60,521","30,435","18,051","58,772","10,285","10,565","12,174","8,466","23,299","54,154","10,985","6,017","11,754","7,626","7,346","45,408","23,089","8,466","9,585","7,277","11,125","42,890","8,466","7,207","7,207",699666,212379,1945430
23,qui,Quintana Roo,"19,492","20,194","93,405","19,258","23,390","21,129","17,543","105,101","25,495","14,424","11,305","13,488","11,227","12,085","13,177","67,286","16,061","6,081","5,848","7,641","5,068","81,554","6,471","6,939","9,590","81,710","5,302","4,288","8,421","4,912","29,706","3,742","8,498",779678,"98,868","10,918","33,967","9,462","11,828","8,249","39,123","64,841","11,464","64,598","9,159","8,856","9,159","7,825","62,051","57,683","8,916","4,913","8,674","6,308","5,520","11,343","5,034","5,459","6,429","5,156","8,067","4,731","5,944","6,126","5,944",606555,207783,1502073
24,san,San Luis Potosí,"36,872","35,491","92,233","39,104","42,185","34,747","30,922","160,027","39,954","29,221","24,333","25,290","25,821","21,783","21,996","57,061","22,315","10,413","12,964","13,920","9,032","67,050","11,901","12,220","15,514","67,050","9,776","8,713","12,539","9,457","37,828","7,226","17,639",1062596,"100,400","21,985","51,707","20,683","22,963","18,566","55,208","52,928","21,823","48,449","17,751","17,670","15,960","14,168","114,894","45,274","17,996","10,097","14,738","10,830","10,667","11,563","8,957","10,097","12,621","9,201","14,738","8,631","10,097","10,911","12,784",814277,367374,2218582
25,sin,Sinaloa,"35,500","32,443","149,404","30,680","38,791","32,326","26,331","136,944","39,144","21,511","17,397","19,043","15,869","16,457","21,981","99,211","20,453","8,934","10,344","11,990","7,758","124,954","10,109","10,814","16,104","125,424","7,758","6,230","12,930","7,523","43,728","5,877","11,872",1175481,"156,640","16,664","54,135","15,583","16,213","13,421","59,449","104,216","18,105","98,271","14,142","13,061","13,962","9,638","94,488","53,504","16,394","8,557","14,862","9,728","9,458","9,818","8,197","7,476","9,548","8,107","13,962","6,485","8,557","9,007","9,007",900747,287024,2360554
26,son,Sonora,"28,995","28,903","105,176","28,995","32,689","30,749","23,547","81,537","34,258","19,299","16,160","17,268","14,220","15,421","19,853","60,945","21,792","8,680","10,619","11,173","12,558","85,877","9,603","11,727","14,775","83,476","8,588","5,633","12,189","8,126","43,031","5,356","12,097",923408,"112,069","15,137","51,238","15,066","15,066","11,939","55,644","62,608","16,984","57,491","12,792","13,787","13,502","9,452","54,649","48,608","14,497","7,533","13,715","9,309","8,670","11,512","7,675","7,320","11,157","8,101","11,584","6,538","8,528","9,238","9,309",710645,223069,2323798
27,tab,Tabasco,"21,304","24,300","173,207","22,858","26,186","23,967","19,196","153,567","24,744","15,534","11,540","13,537","10,985","10,097","12,316","138,588","10,541","5,659","5,881","6,879","3,884","150,016","5,548","6,436","8,544","149,129","4,549","3,995","7,434","4,327","24,744","3,107","7,101",1109589,"171,446","11,036","32,595","10,951","11,635","8,897","36,531","139,706","10,865","136,797","8,897","9,325","9,667","6,160","133,974","31,483","8,983","4,106","8,983","5,133","4,962","5,818","4,620","4,106","5,989","4,620","7,700","3,508","5,818","5,561","5,646",855519,262189,1830022
28,tam,Tamaulipas,"47,846","46,574","191,542","47,846","51,502","44,031","38,308","166,586","51,025","33,858","26,705","32,586","26,387","24,956","27,181","136,384","27,658","12,716","16,055","23,684","17,803","158,002","15,419","17,485","22,890","152,916","12,558","10,014","18,121","11,286","50,866","8,902","19,711",1589560,"189,323","24,815","65,367","24,573","25,057","21,063","72,872","135,939","23,968","130,129","20,821","21,547","28,689","14,889","126,255","59,436","22,878","12,468","19,247","12,831","13,800","14,768","11,742","11,500","16,463","12,226","21,063","14,768","13,194","14,042","14,768",1210502,404138,2890003
29,tla,Tlaxcala,"17,831","15,284","56,976","16,479","18,507","16,219","13,152","45,643","18,923","14,400","9,981","10,813","10,345","9,097","9,617","34,258","11,593","4,887","5,926","7,850","4,419","43,719","5,926","6,342","8,941","44,135","4,731","3,951","6,914","5,250","24,121","3,899","9,877",519850,"58,488","8,248","25,536","7,931","9,318","7,138","28,510","33,229","10,508","30,374","8,406","7,256","7,613","6,067","30,414","25,417","9,318","4,838","8,248","5,076","5,591","6,146","4,481","5,195","6,344","5,036","7,812","4,639","6,265","6,107","7,058",396528,153570,1061829
30,ver,Veracruz,"175,498","166,880","296,545","159,045","192,343","162,963","145,334","220,548","181,374","133,582","105,769","115,171","101,852","95,976","107,728","156,695","100,676","54,843","58,761","66,987","43,483","198,611","57,194","55,235","79,131","201,353","44,266","37,998","65,028","47,792","169,230","36,040","83,048",3917370,"367,469","94,458","213,789","89,424","99,788","75,507","247,546","154,864","93,274","131,768","79,653","75,507","71,066","59,814","120,516","185,067","87,352","45,008","69,289","50,338","49,154","55,076","41,455","45,008","55,964","45,304","64,255","38,790","48,265","50,042","56,853",2961072,1189967,6115336
31,yuc,Yucatán,"22,662","20,207","128,231","21,624","23,418","21,151","16,808","120,015","25,117","14,353","11,426","13,503","11,426","11,898","12,087","99,997","13,786","5,854","9,915","11,142","8,687","118,410","6,327","6,893","10,104","113,972","4,910","4,721","8,970","5,666","28,706","3,871","8,309",944260,"134,782","10,024","32,163","8,437","12,115","8,005","36,562","101,898","11,827","98,725","9,808","8,149","8,726","7,572","98,797","34,687","8,654","4,687","9,086","6,995","5,553","7,067","5,048","5,841","6,202","5,553","7,572","8,365","5,769","6,851","5,625",721145,227904,1796175
32,zac,Zacatecas,"21,980","16,964","61,262","19,500","20,176","16,344","14,033","53,541","18,204","14,259","11,272","12,512","10,145","10,934","10,257","45,594","12,004","6,030","8,003","8,116","5,354","49,652","6,143","6,425","8,228","48,074","4,621","4,001","6,312","4,903","16,344","3,832","8,510",563589,"64,481","11,735","21,310","10,168","11,905","8,727","23,640","42,070","9,490","40,756","8,770","8,558","7,287","6,524","39,400","18,345","9,787","5,253","7,711","6,016","5,847","6,270","4,448","4,872","6,016","5,211","7,372","4,533","5,211","5,423","6,567",423661,149405,1284337
,,,,,,,,,,,,,,,,,,,,,,,,,,,,,,,,,,,,,,,,,,,,,,,,,,,,,,,,,,,,,,,,,,,,,,
,,Total,"1,438,615","1,467,011","5,802,445","1,407,612","1,664,052","1,510,221","1,180,544","5,310,869","1,814,472","1,082,963","850,481","1,388,630","792,341","767,710","907,960","3,267,883","1,229,879","400,746","693,327","839,403","613,986","5,012,139","469,868","511,320","919,824","4,730,063","405,112","324,373","574,174","369,566","2,303,327","290,103","627,120","50,968,524","6,195,664","731,221","2,576,009","813,671","832,331","601,001","2,821,530","3,587,818","888,152","3,655,625","667,094","636,719","680,206","525,189","3,585,174","2,442,040","681,460","382,792","630,393","420,756","415,075","1,079,560","385,378","417,090","506,577","388,140","612,612","596,242","439,050","416,729","452,214","39,063,394","12,965,574","99,594,010"
,,,,,,,,,,,,,,,,,,,,,,,,,,,,,,,,,,,,,,,,,,,,,,,,,,,,,,,,,,,,,,,,,,,,,,
edon,edo,estado,CAND01f,CAND02f,CAND03f,CAND04f,CAND05f,CAND06f,CAND07f,CAND08f,CAND09f,CAND10f,CAND11f,CAND12f,CAND13f,CAND14f,CAND15f,CAND16f,CAND17f,CAND18f,CAND19f,CAND20f,CAND21f,CAND22f,CAND23f,CAND24f,CAND25f,CAND26f,CAND27f,CAND28f,CAND29f,CAND30f,CAND31f,CAND32f,CAND33f,total.f,CAND34m,CAND35m,CAND36m,CAND37m,CAND38m,CAND39m,CAND40m,CAND41m,CAND42m,CAND43m,CAND44m,CAND45m,CAND46m,CAND47m,CAND48m,CAND49m,CAND50m,CAND51m,CAND52m,CAND53m,CAND54m,CAND55m,CAND56m,CAND57m,CAND58m,CAND59m,CAND60m,CAND61m,CAND62m,CAND63m,CAND64m,total.m,personas.que.votaron,lista.nominal
1,ags,Aguascalientes,2.64%,2.22%,6.60%,2.57%,2.77%,2.43%,1.91%,11.77%,2.83%,1.82%,1.38%,1.71%,1.32%,1.56%,1.41%,9.83%,1.65%,0.61%,0.89%,8.19%,0.64%,11.70%,0.64%,0.84%,0.95%,11.39%,0.63%,0.44%,0.71%,0.73%,3.87%,0.44%,0.90%,"563,523",17.38%,1.79%,5.75%,1.71%,2.01%,1.59%,6.16%,3.39%,2.00%,11.94%,1.33%,1.54%,1.64%,1.26%,11.66%,5.29%,1.20%,0.73%,1.09%,0.98%,0.79%,0.97%,0.69%,0.93%,1.38%,0.73%,1.23%,10.19%,0.80%,0.83%,1.00%,437902,139164,1123181
2,bc,Baja California,4.01%,3.67%,9.62%,3.79%,4.43%,3.79%,3.10%,6.73%,4.48%,2.81%,2.34%,2.41%,2.16%,2.14%,2.44%,3.92%,2.65%,1.03%,1.34%,1.40%,1.10%,6.74%,1.23%,1.39%,1.75%,6.80%,1.11%,0.78%,1.45%,0.93%,6.02%,0.75%,1.67%,1156621,13.23%,2.56%,9.03%,2.62%,2.75%,2.23%,10.10%,4.87%,2.92%,4.09%,2.23%,2.42%,2.46%,1.71%,3.79%,8.61%,2.44%,1.30%,2.24%,1.58%,1.51%,1.68%,1.27%,1.36%,1.93%,1.31%,2.03%,1.11%,1.46%,1.50%,1.63%,893372,298081,3303859
3,bcs,Baja California Sur,2.94%,2.59%,12.62%,2.70%,3.07%,2.68%,2.12%,9.78%,3.39%,1.83%,1.51%,1.65%,1.42%,1.52%,1.63%,7.16%,2.32%,0.94%,1.10%,1.26%,0.81%,10.25%,1.09%,1.13%,1.67%,10.19%,0.89%,0.61%,1.46%,0.78%,4.95%,0.59%,1.35%,245961,15.83%,1.70%,6.81%,1.61%,1.91%,1.39%,7.51%,9.71%,2.18%,8.87%,1.74%,1.53%,1.72%,1.20%,8.49%,7.19%,2.09%,1.08%,1.98%,1.27%,1.28%,2.02%,1.04%,1.03%,1.35%,1.07%,1.79%,0.89%,1.25%,1.21%,1.27%,190665,59177,629889
4,cam,Campeche,1.99%,2.84%,13.46%,1.84%,2.26%,2.11%,1.65%,14.06%,2.46%,1.43%,1.10%,1.16%,1.07%,0.94%,3.42%,9.45%,1.17%,0.62%,2.85%,0.79%,0.53%,11.93%,0.72%,0.70%,1.04%,11.83%,0.51%,0.42%,0.93%,0.55%,2.90%,0.39%,0.90%,431238,17.61%,1.26%,4.31%,4.03%,4.33%,1.07%,4.90%,13.37%,1.46%,13.05%,1.20%,1.09%,1.12%,0.88%,12.43%,4.89%,1.32%,0.67%,1.29%,0.80%,0.81%,0.83%,0.68%,0.65%,0.83%,0.71%,1.25%,0.57%,0.82%,0.91%,0.84%,327589,104803,701585
5,coa,Coahuila,2.70%,2.53%,8.92%,2.12%,2.62%,2.21%,1.86%,12.55%,2.57%,1.58%,1.22%,5.65%,1.20%,1.12%,1.39%,7.12%,2.82%,0.62%,5.13%,4.14%,3.58%,11.07%,0.70%,0.70%,0.99%,6.85%,0.55%,0.46%,0.78%,0.54%,2.43%,0.40%,0.89%,2327341,15.73%,1.61%,3.93%,1.49%,1.48%,1.28%,4.62%,9.35%,1.51%,14.66%,1.21%,1.21%,1.24%,0.93%,11.77%,3.67%,1.36%,0.78%,1.10%,0.79%,0.77%,9.49%,0.73%,0.72%,0.90%,0.71%,1.08%,3.46%,0.76%,0.73%,0.90%,1771590,596662,2454826
6,col,Colima,3.47%,2.98%,10.91%,3.38%,3.77%,3.15%,2.61%,8.49%,3.95%,2.33%,1.77%,2.16%,1.76%,1.81%,1.82%,5.86%,2.23%,1.04%,1.18%,1.47%,1.04%,8.48%,1.16%,1.50%,1.66%,8.39%,1.01%,0.62%,1.41%,0.97%,5.30%,0.82%,1.50%,230384,14.28%,2.15%,8.00%,2.05%,2.98%,1.75%,8.50%,7.13%,2.33%,6.46%,1.79%,2.06%,2.12%,1.44%,6.25%,7.59%,2.18%,1.68%,2.25%,1.39%,1.37%,1.37%,1.24%,1.25%,1.66%,1.16%,2.00%,1.01%,1.37%,1.47%,1.73%,178014,59008,592210
7,cps,Chiapas,1.10%,1.04%,13.75%,0.91%,1.27%,1.04%,0.82%,16.84%,1.30%,0.83%,0.59%,7.23%,0.50%,0.47%,0.55%,12.15%,6.16%,0.26%,0.26%,0.37%,0.21%,13.92%,0.28%,0.31%,0.41%,14.93%,0.20%,0.18%,0.34%,0.20%,1.12%,0.14%,0.31%,2937673,19.75%,0.70%,1.93%,0.60%,0.77%,0.56%,2.12%,15.80%,0.73%,15.55%,0.54%,0.47%,0.49%,0.34%,20.30%,1.75%,0.56%,0.28%,0.55%,0.34%,0.34%,12.91%,0.29%,0.25%,0.29%,0.25%,0.45%,0.22%,0.29%,0.32%,0.28%,2281125,672065,4031733
8,cua,Chihuahua,4.54%,3.05%,7.81%,5.08%,3.68%,3.99%,2.82%,8.73%,3.58%,2.54%,2.16%,2.37%,2.17%,2.12%,1.94%,6.04%,2.10%,0.88%,3.80%,3.84%,0.83%,8.39%,0.93%,1.06%,1.23%,5.07%,0.88%,0.69%,0.99%,0.99%,3.68%,0.63%,1.38%,1315075,13.40%,2.51%,6.10%,2.43%,2.84%,2.07%,6.68%,5.52%,2.49%,6.59%,2.14%,2.12%,2.07%,1.79%,8.08%,5.63%,1.86%,2.91%,1.58%,1.29%,1.18%,3.77%,1.08%,1.25%,1.74%,1.07%,1.57%,4.45%,1.07%,1.23%,1.50%,1007075,386352,3139070
9,df,CdMx,2.62%,2.49%,12.50%,2.60%,3.25%,3.52%,2.27%,8.62%,4.72%,2.06%,1.59%,2.59%,1.48%,1.51%,1.90%,4.21%,2.93%,0.72%,1.06%,1.16%,0.79%,9.20%,0.90%,1.03%,1.62%,9.47%,0.91%,0.58%,1.18%,0.67%,8.09%,0.57%,1.20%,4841252,15.91%,1.59%,10.48%,1.52%,2.44%,1.33%,10.71%,7.28%,3.36%,5.44%,1.48%,1.50%,1.91%,1.38%,5.57%,9.38%,1.57%,0.89%,1.60%,1.08%,0.93%,1.40%,1.03%,1.56%,1.29%,1.06%,2.00%,1.07%,1.20%,0.98%,1.07%,3737745,1181230,7955241
10,dgo,Durango,5.36%,4.16%,8.31%,4.53%,5.02%,3.79%,3.35%,6.30%,4.27%,3.25%,2.45%,2.72%,2.43%,2.25%,2.36%,4.81%,3.04%,1.19%,1.53%,1.87%,1.06%,5.38%,1.32%,1.40%,1.75%,5.29%,1.14%,0.86%,1.38%,1.03%,3.62%,0.81%,1.95%,912860,12.65%,3.48%,6.50%,3.27%,3.18%,2.60%,7.05%,5.82%,2.81%,5.53%,2.60%,2.66%,2.46%,1.88%,4.95%,5.48%,2.86%,1.56%,2.12%,1.67%,1.76%,1.74%,1.33%,1.52%,2.05%,1.48%,2.46%,1.27%,1.56%,1.62%,2.09%,692827,279311,1418601
11,gua,Guanajuato,2.99%,2.85%,9.24%,2.90%,3.55%,3.17%,2.51%,8.88%,3.99%,2.12%,1.75%,1.84%,1.69%,1.58%,1.89%,6.23%,2.24%,0.87%,1.07%,3.57%,0.82%,9.28%,1.05%,1.23%,1.69%,9.55%,0.87%,0.69%,1.39%,0.81%,5.71%,0.60%,1.40%,1383315,15.22%,1.90%,7.91%,1.89%,2.16%,1.58%,8.71%,5.22%,2.37%,7.43%,1.77%,1.82%,1.99%,1.32%,7.27%,7.85%,2.01%,1.05%,1.96%,1.27%,1.31%,1.47%,1.09%,1.19%,1.51%,1.16%,1.85%,3.86%,1.32%,1.26%,1.27%,1069411,326884,4910315
12,gue,Guerrero,1.71%,2.10%,15.98%,1.79%,2.37%,2.03%,1.58%,14.46%,2.35%,1.36%,0.92%,1.08%,0.81%,0.71%,1.05%,11.86%,1.00%,0.45%,0.42%,0.60%,0.32%,13.71%,0.49%,0.46%,0.97%,13.84%,0.73%,0.34%,0.73%,0.34%,2.65%,0.23%,0.56%,1578124,20.76%,1.25%,4.33%,1.09%,1.11%,0.94%,4.69%,16.19%,1.47%,15.80%,0.90%,0.79%,0.87%,0.66%,15.59%,4.48%,1.06%,0.50%,1.12%,0.51%,0.55%,0.74%,0.50%,0.42%,0.50%,0.49%,0.84%,0.34%,0.55%,0.50%,0.47%,1209049,390429,2653878
13,hgo,Hidalgo,2.32%,9.04%,12.59%,2.38%,2.98%,2.68%,2.26%,10.43%,3.19%,1.84%,1.40%,1.52%,1.41%,1.25%,1.60%,2.99%,1.83%,0.74%,0.90%,1.10%,0.70%,10.98%,1.07%,0.98%,1.61%,10.83%,0.73%,0.59%,1.28%,0.85%,4.22%,0.52%,1.17%,1337453,17.05%,1.63%,5.98%,1.52%,1.88%,1.35%,6.80%,11.35%,2.07%,11.06%,1.51%,1.44%,1.46%,1.16%,10.32%,5.90%,1.76%,0.93%,1.80%,1.05%,1.11%,1.12%,0.97%,0.98%,1.16%,1.04%,1.59%,0.75%,1.14%,1.04%,1.05%,1024088,333724,2425650
14,jal,Jalisco,3.00%,2.85%,9.73%,2.89%,3.71%,3.28%,2.52%,8.36%,5.92%,2.22%,1.82%,2.61%,1.76%,1.67%,2.10%,5.39%,2.32%,0.88%,1.03%,2.14%,1.16%,8.68%,1.05%,1.21%,1.62%,7.60%,0.88%,0.66%,1.36%,0.79%,6.24%,1.18%,1.40%,2033859,14.85%,1.86%,8.84%,1.87%,2.30%,1.77%,9.52%,6.98%,2.66%,6.57%,1.83%,1.85%,2.09%,1.47%,5.70%,8.70%,1.94%,1.27%,1.99%,1.28%,1.32%,1.39%,1.10%,1.45%,1.48%,1.20%,1.87%,0.93%,1.34%,1.30%,1.29%,1558097,481695,6740010
15,mex,México,2.84%,2.92%,10.89%,3.09%,3.70%,3.60%,2.61%,8.76%,4.16%,2.29%,1.82%,2.08%,1.78%,1.72%,2.13%,5.00%,2.43%,0.89%,1.18%,1.31%,0.84%,8.41%,1.12%,1.27%,1.73%,8.76%,1.04%,0.75%,1.37%,0.89%,6.36%,0.68%,1.57%,6594453,14.44%,1.94%,8.47%,2.02%,2.34%,1.71%,9.23%,7.04%,2.64%,5.83%,1.82%,2.01%,2.09%,2.02%,6.18%,7.99%,1.91%,0.99%,1.85%,1.18%,1.23%,1.36%,1.15%,1.29%,1.80%,1.23%,1.88%,2.25%,1.43%,1.23%,1.46%,5091530,1634358,13201180
16,mic,Michoacán,3.40%,3.00%,11.72%,3.55%,3.38%,2.94%,2.83%,11.28%,3.33%,2.17%,3.32%,1.81%,1.53%,1.66%,1.71%,6.54%,2.76%,0.78%,0.88%,1.16%,2.29%,9.55%,0.78%,0.94%,1.18%,7.80%,0.72%,0.52%,0.90%,0.62%,3.45%,0.48%,1.01%,1507990,16.33%,2.37%,6.15%,2.17%,2.48%,1.73%,6.60%,10.87%,2.12%,10.29%,1.70%,1.85%,1.97%,1.52%,9.72%,5.31%,1.87%,0.88%,1.54%,1.07%,1.00%,1.07%,0.88%,0.91%,1.29%,0.91%,1.49%,0.84%,0.99%,0.98%,1.09%,1123403,410645,3728843
17,mor,Morelos,2.43%,2.78%,12.47%,2.49%,3.42%,3.15%,2.35%,8.80%,4.24%,2.10%,1.42%,1.67%,1.48%,1.30%,1.93%,5.59%,2.35%,0.80%,0.97%,1.20%,0.74%,9.77%,1.14%,1.07%,1.94%,10.02%,0.84%,0.63%,1.48%,0.79%,6.69%,0.56%,1.38%,692381,16.03%,1.51%,8.67%,1.42%,1.81%,1.35%,9.66%,8.06%,2.61%,6.86%,1.58%,1.40%,1.66%,1.33%,6.72%,8.79%,2.01%,0.94%,2.18%,1.06%,1.23%,1.27%,1.10%,1.07%,1.23%,1.15%,1.87%,0.78%,2.34%,1.22%,1.10%,538924,171637,1564419
18,nay,Nayarit,3.54%,3.23%,11.74%,3.34%,4.15%,3.45%,2.54%,9.03%,3.62%,2.24%,1.74%,1.98%,1.71%,1.75%,1.89%,7.13%,2.33%,0.95%,1.15%,1.17%,0.77%,9.10%,1.00%,1.03%,1.38%,8.92%,0.82%,0.59%,1.17%,0.82%,3.81%,0.60%,1.30%,422134,16.06%,2.33%,6.34%,2.06%,2.14%,1.76%,6.97%,9.63%,2.14%,10.12%,1.83%,1.89%,1.72%,1.27%,8.37%,5.96%,2.13%,1.12%,1.88%,1.23%,1.21%,1.34%,0.95%,0.97%,1.40%,0.98%,1.69%,0.89%,1.12%,1.16%,1.35%,325415,112750,962583
19,nl,Nuevo León,2.50%,2.31%,10.91%,2.52%,2.77%,2.55%,2.02%,10.86%,2.91%,3.43%,1.50%,6.55%,1.44%,1.47%,1.58%,3.04%,1.87%,0.76%,2.62%,2.68%,5.63%,11.13%,0.94%,1.07%,1.46%,4.69%,0.78%,0.62%,1.14%,0.68%,3.80%,0.55%,1.23%,2145449,11.23%,1.79%,5.55%,8.52%,1.97%,1.45%,6.40%,4.01%,1.99%,12.07%,3.79%,1.73%,2.27%,1.30%,5.42%,5.37%,1.69%,0.97%,1.60%,1.20%,1.17%,7.76%,0.96%,1.18%,1.49%,1.04%,1.50%,0.93%,1.18%,1.21%,1.25%,1574382,482231,4544515
20,oax,Oaxaca,1.83%,1.99%,14.78%,1.83%,2.50%,2.10%,1.65%,13.32%,2.40%,1.56%,1.35%,1.18%,1.10%,1.04%,1.26%,2.06%,1.20%,0.48%,0.62%,0.88%,0.44%,13.04%,0.68%,0.72%,10.75%,13.17%,0.46%,0.40%,0.91%,0.46%,2.72%,0.34%,0.78%,2055287,20.49%,1.48%,4.18%,1.18%,1.47%,1.07%,4.69%,15.26%,1.56%,14.65%,1.18%,1.11%,1.05%,0.77%,14.26%,4.08%,1.23%,0.60%,1.30%,0.73%,0.80%,0.78%,0.59%,0.58%,0.69%,0.64%,0.97%,0.51%,0.72%,0.75%,0.63%,1594125,503793,3143804
21,pue,Puebla,1.86%,2.05%,14.59%,1.82%,2.41%,2.34%,1.70%,12.38%,2.81%,1.43%,1.08%,1.17%,1.06%,1.01%,1.31%,10.64%,1.42%,0.54%,0.60%,0.76%,0.51%,12.90%,0.67%,0.73%,1.18%,13.26%,0.62%,0.43%,0.88%,0.48%,4.15%,0.38%,0.82%,2766001,19.15%,1.23%,5.67%,1.10%,1.42%,1.01%,6.29%,14.01%,1.83%,13.34%,1.09%,1.01%,1.18%,0.86%,12.98%,5.52%,1.29%,0.62%,1.20%,0.71%,0.73%,0.78%,0.70%,0.76%,0.81%,0.73%,1.09%,0.52%,0.88%,0.72%,0.73%,2136749,656773,5040479
22,que,Querétaro,2.38%,2.43%,8.63%,2.41%,4.06%,3.04%,2.02%,9.50%,3.74%,1.80%,1.35%,4.55%,1.43%,1.40%,1.62%,3.04%,2.53%,0.72%,2.86%,3.98%,3.65%,9.55%,0.91%,1.01%,1.45%,6.94%,0.77%,2.63%,1.18%,0.81%,5.96%,0.52%,1.14%,904769,14.00%,1.53%,8.06%,1.49%,2.03%,1.24%,8.65%,4.35%,2.58%,8.40%,1.47%,1.51%,1.74%,1.21%,3.33%,7.74%,1.57%,0.86%,1.68%,1.09%,1.05%,6.49%,3.30%,1.21%,1.37%,1.04%,1.59%,6.13%,1.21%,1.03%,1.03%,699666,212379,1945430
23,qui,Quintana Roo,2.50%,2.59%,11.98%,2.47%,3.00%,2.71%,2.25%,13.48%,3.27%,1.85%,1.45%,1.73%,1.44%,1.55%,1.69%,8.63%,2.06%,0.78%,0.75%,0.98%,0.65%,10.46%,0.83%,0.89%,1.23%,10.48%,0.68%,0.55%,1.08%,0.63%,3.81%,0.48%,1.09%,779678,16.30%,1.80%,5.60%,1.56%,1.95%,1.36%,6.45%,10.69%,1.89%,10.65%,1.51%,1.46%,1.51%,1.29%,10.23%,9.51%,1.47%,0.81%,1.43%,1.04%,0.91%,1.87%,0.83%,0.90%,1.06%,0.85%,1.33%,0.78%,0.98%,1.01%,0.98%,606555,207783,1502073
24,san,San Luis Potosí,3.47%,3.34%,8.68%,3.68%,3.97%,3.27%,2.91%,15.06%,3.76%,2.75%,2.29%,2.38%,2.43%,2.05%,2.07%,5.37%,2.10%,0.98%,1.22%,1.31%,0.85%,6.31%,1.12%,1.15%,1.46%,6.31%,0.92%,0.82%,1.18%,0.89%,3.56%,0.68%,1.66%,1062596,12.33%,2.70%,6.35%,2.54%,2.82%,2.28%,6.78%,6.50%,2.68%,5.95%,2.18%,2.17%,1.96%,1.74%,14.11%,5.56%,2.21%,1.24%,1.81%,1.33%,1.31%,1.42%,1.10%,1.24%,1.55%,1.13%,1.81%,1.06%,1.24%,1.34%,1.57%,814277,367374,2218582
25,sin,Sinaloa,3.02%,2.76%,12.71%,2.61%,3.30%,2.75%,2.24%,11.65%,3.33%,1.83%,1.48%,1.62%,1.35%,1.40%,1.87%,8.44%,1.74%,0.76%,0.88%,1.02%,0.66%,10.63%,0.86%,0.92%,1.37%,10.67%,0.66%,0.53%,1.10%,0.64%,3.72%,0.50%,1.01%,1175481,17.39%,1.85%,6.01%,1.73%,1.80%,1.49%,6.60%,11.57%,2.01%,10.91%,1.57%,1.45%,1.55%,1.07%,10.49%,5.94%,1.82%,0.95%,1.65%,1.08%,1.05%,1.09%,0.91%,0.83%,1.06%,0.90%,1.55%,0.72%,0.95%,1.00%,1.00%,900747,287024,2360554
26,son,Sonora,3.14%,3.13%,11.39%,3.14%,3.54%,3.33%,2.55%,8.83%,3.71%,2.09%,1.75%,1.87%,1.54%,1.67%,2.15%,6.60%,2.36%,0.94%,1.15%,1.21%,1.36%,9.30%,1.04%,1.27%,1.60%,9.04%,0.93%,0.61%,1.32%,0.88%,4.66%,0.58%,1.31%,923408,15.77%,2.13%,7.21%,2.12%,2.12%,1.68%,7.83%,8.81%,2.39%,8.09%,1.80%,1.94%,1.90%,1.33%,7.69%,6.84%,2.04%,1.06%,1.93%,1.31%,1.22%,1.62%,1.08%,1.03%,1.57%,1.14%,1.63%,0.92%,1.20%,1.30%,1.31%,710645,223069,2323798
27,tab,Tabasco,1.92%,2.19%,15.61%,2.06%,2.36%,2.16%,1.73%,13.84%,2.23%,1.40%,1.04%,1.22%,0.99%,0.91%,1.11%,12.49%,0.95%,0.51%,0.53%,0.62%,0.35%,13.52%,0.50%,0.58%,0.77%,13.44%,0.41%,0.36%,0.67%,0.39%,2.23%,0.28%,0.64%,1109589,20.04%,1.29%,3.81%,1.28%,1.36%,1.04%,4.27%,16.33%,1.27%,15.99%,1.04%,1.09%,1.13%,0.72%,15.66%,3.68%,1.05%,0.48%,1.05%,0.60%,0.58%,0.68%,0.54%,0.48%,0.70%,0.54%,0.90%,0.41%,0.68%,0.65%,0.66%,855519,262189,1830022
28,tam,Tamaulipas,3.01%,2.93%,12.05%,3.01%,3.24%,2.77%,2.41%,10.48%,3.21%,2.13%,1.68%,2.05%,1.66%,1.57%,1.71%,8.58%,1.74%,0.80%,1.01%,1.49%,1.12%,9.94%,0.97%,1.10%,1.44%,9.62%,0.79%,0.63%,1.14%,0.71%,3.20%,0.56%,1.24%,1589560,15.64%,2.05%,5.40%,2.03%,2.07%,1.74%,6.02%,11.23%,1.98%,10.75%,1.72%,1.78%,2.37%,1.23%,10.43%,4.91%,1.89%,1.03%,1.59%,1.06%,1.14%,1.22%,0.97%,0.95%,1.36%,1.01%,1.74%,1.22%,1.09%,1.16%,1.22%,1210502,404138,2890003
29,tla,Tlaxcala,3.43%,2.94%,10.96%,3.17%,3.56%,3.12%,2.53%,8.78%,3.64%,2.77%,1.92%,2.08%,1.99%,1.75%,1.85%,6.59%,2.23%,0.94%,1.14%,1.51%,0.85%,8.41%,1.14%,1.22%,1.72%,8.49%,0.91%,0.76%,1.33%,1.01%,4.64%,0.75%,1.90%,519850,14.75%,2.08%,6.44%,2.00%,2.35%,1.80%,7.19%,8.38%,2.65%,7.66%,2.12%,1.83%,1.92%,1.53%,7.67%,6.41%,2.35%,1.22%,2.08%,1.28%,1.41%,1.55%,1.13%,1.31%,1.60%,1.27%,1.97%,1.17%,1.58%,1.54%,1.78%,396528,153570,1061829
30,ver,Veracruz,4.48%,4.26%,7.57%,4.06%,4.91%,4.16%,3.71%,5.63%,4.63%,3.41%,2.70%,2.94%,2.60%,2.45%,2.75%,4.00%,2.57%,1.40%,1.50%,1.71%,1.11%,5.07%,1.46%,1.41%,2.02%,5.14%,1.13%,0.97%,1.66%,1.22%,4.32%,0.92%,2.12%,3917370,12.41%,3.19%,7.22%,3.02%,3.37%,2.55%,8.36%,5.23%,3.15%,4.45%,2.69%,2.55%,2.40%,2.02%,4.07%,6.25%,2.95%,1.52%,2.34%,1.70%,1.66%,1.86%,1.40%,1.52%,1.89%,1.53%,2.17%,1.31%,1.63%,1.69%,1.92%,2961072,1189967,6115336
31,yuc,Yucatán,2.40%,2.14%,13.58%,2.29%,2.48%,2.24%,1.78%,12.71%,2.66%,1.52%,1.21%,1.43%,1.21%,1.26%,1.28%,10.59%,1.46%,0.62%,1.05%,1.18%,0.92%,12.54%,0.67%,0.73%,1.07%,12.07%,0.52%,0.50%,0.95%,0.60%,3.04%,0.41%,0.88%,944260,18.69%,1.39%,4.46%,1.17%,1.68%,1.11%,5.07%,14.13%,1.64%,13.69%,1.36%,1.13%,1.21%,1.05%,13.70%,4.81%,1.20%,0.65%,1.26%,0.97%,0.77%,0.98%,0.70%,0.81%,0.86%,0.77%,1.05%,1.16%,0.80%,0.95%,0.78%,721145,227904,1796175
32,zac,Zacatecas,3.90%,3.01%,10.87%,3.46%,3.58%,2.90%,2.49%,9.50%,3.23%,2.53%,2.00%,2.22%,1.80%,1.94%,1.82%,8.09%,2.13%,1.07%,1.42%,1.44%,0.95%,8.81%,1.09%,1.14%,1.46%,8.53%,0.82%,0.71%,1.12%,0.87%,2.90%,0.68%,1.51%,563589,15.22%,2.77%,5.03%,2.40%,2.81%,2.06%,5.58%,9.93%,2.24%,9.62%,2.07%,2.02%,1.72%,1.54%,9.30%,4.33%,2.31%,1.24%,1.82%,1.42%,1.38%,1.48%,1.05%,1.15%,1.42%,1.23%,1.74%,1.07%,1.23%,1.28%,1.55%,423661,149405,1284337
,,,,,,,,,,,,,,,,,,,,,,,,,,,,,,,,,,,,,,,,,,,,,,,,,,,,,,,,,,,,,,,,,,,,,,
,,Total,2.82%,2.88%,11.38%,2.76%,3.26%,2.96%,2.32%,10.42%,3.56%,2.12%,1.67%,2.72%,1.55%,1.51%,1.78%,6.41%,2.41%,0.79%,1.36%,1.65%,1.20%,9.83%,0.92%,1.00%,1.80%,9.28%,0.79%,0.64%,1.13%,0.73%,4.52%,0.57%,1.23%,,,,,,,,,,,,,,,,,,,,,,,,,,,,,,,,,,,
,,,,,,,,,,,,,,,,,,,,,,,,,,,,,,,,,,,,,,,,,,,,,,,,,,,,,,,,,,,,,,,,,,,,,,
edon,edo,estado,CAND01f,CAND02f,CAND03f,CAND04f,CAND05f,CAND06f,CAND07f,CAND08f,CAND09f,CAND10f,CAND11f,CAND12f,CAND13f,CAND14f,CAND15f,CAND16f,CAND17f,CAND18f,CAND19f,CAND20f,CAND21f,CAND22f,CAND23f,CAND24f,CAND25f,CAND26f,CAND27f,CAND28f,CAND29f,CAND30f,CAND31f,CAND32f,CAND33f,total.f,CAND34m,CAND35m,CAND36m,CAND37m,CAND38m,CAND39m,CAND40m,CAND41m,CAND42m,CAND43m,CAND44m,CAND45m,CAND46m,CAND47m,CAND48m,CAND49m,CAND50m,CAND51m,CAND52m,CAND53m,CAND54m,CAND55m,CAND56m,CAND57m,CAND58m,CAND59m,CAND60m,CAND61m,CAND62m,CAND63m,CAND64m,total.m,personas.que.votaron,lista.nominal
1,ags,Aguascalientes,10,13,6,11,9,12,14,1,8,15,20,16,21,18,19,4,17,31,24,5,28,2,28,25,22,3,30,32,27,26,7,32,23,563523,1,11,6,12,9,14,5,8,10,2,17,15,13,18,3,7,20,29,21,23,28,24,31,25,16,29,19,4,27,26,22,437902,139164,1123181
2,bc,Baja California,8,12,1,10,7,10,13,4,6,14,18,17,19,20,16,9,15,30,26,24,29,3,27,25,21,2,28,32,23,31,5,33,22,1156621,1,11,3,10,9,16,2,5,8,6,16,14,12,20,7,4,13,29,15,23,24,21,30,27,19,28,18,31,26,25,22,893372,298081,3303859
3,bcs,Baja California Sur,9,12,1,10,8,11,14,4,7,15,20,17,22,19,18,5,13,28,26,24,30,2,27,25,16,3,29,32,21,31,6,33,23,245961,1,16,7,17,12,19,5,2,8,3,14,18,15,26,4,6,9,27,11,22,21,10,29,30,20,28,13,31,24,25,22,190665,59177,629889
4,cam,Campeche,13,9,2,14,11,12,15,1,10,16,19,18,20,22,6,5,17,28,8,25,30,3,26,27,21,4,31,32,23,29,7,33,24,431238,1,13,8,9,7,18,5,2,10,3,15,17,16,20,4,6,11,29,12,26,25,22,28,30,22,27,14,31,24,19,21,327589,104803,701585
5,coa,Coahuila,11,14,3,17,12,16,18,1,13,19,21,6,22,23,20,4,10,29,7,8,9,2,27,27,24,5,30,32,26,31,15,33,25,2327341,1,10,7,12,13,15,6,5,11,2,17,17,16,21,3,8,14,25,19,24,26,4,28,30,22,31,20,9,27,28,22,1771590,596662,2454826
6,col,Colima,9,12,1,10,8,11,13,2,7,14,19,16,20,18,17,5,15,28,26,24,28,3,27,22,21,4,30,33,25,31,6,32,22,230384,1,12,3,15,8,18,2,5,9,6,17,14,13,23,7,4,11,20,10,24,25,25,29,28,21,30,16,31,25,22,19,178014,59008,592210
7,cps,Chiapas,11,12,4,14,9,12,16,1,8,15,17,6,19,20,18,5,7,27,27,22,29,3,26,24,21,2,30,32,23,30,10,33,24,2937673,2,11,7,12,9,13,6,3,10,4,16,18,17,20,1,8,13,27,15,20,20,5,24,29,24,29,19,31,24,23,27,2281125,672065,4031733
8,cua,Chihuahua,7,14,3,5,11,8,15,1,13,16,19,17,18,20,22,4,21,29,10,9,31,2,28,25,24,6,29,32,26,26,11,33,23,1315075,1,12,5,14,11,17,3,7,13,4,15,16,17,20,2,6,19,10,22,25,28,9,29,26,21,30,23,8,30,27,24,1007075,386352,3139070
9,df,CdMx,11,14,1,12,9,8,15,4,6,16,19,13,21,20,17,7,10,30,25,24,29,3,28,26,18,2,27,32,23,31,5,33,22,4841252,1,13,3,16,9,21,2,5,8,7,18,17,11,20,6,4,14,31,12,24,30,19,28,15,22,27,10,25,23,29,25,3737745,1181230,7955241
10,dgo,Durango,4,10,1,8,6,11,13,2,9,14,17,16,18,20,19,7,15,28,24,22,30,3,27,25,23,5,29,32,26,31,12,33,21,912860,1,8,3,9,10,14,2,4,12,5,14,13,16,21,7,6,11,26,18,24,22,23,30,28,20,29,16,31,26,25,19,692827,279311,1418601
11,gua,Guanajuato,11,13,3,12,9,10,14,4,7,16,19,18,20,22,17,5,15,28,26,8,30,2,27,25,20,1,28,32,24,31,6,33,23,1383315,1,14,3,15,10,19,2,7,9,5,18,17,12,22,6,4,11,31,13,25,24,21,30,28,20,29,16,8,22,27,25,1069411,326884,4910315
12,gue,Guerrero,12,9,1,11,7,10,13,2,8,14,19,15,20,23,16,5,17,28,29,24,32,4,26,27,18,3,21,30,21,30,6,33,25,1578124,1,9,7,12,11,14,5,2,8,3,15,18,16,20,4,6,13,24,10,23,21,19,24,30,24,28,17,31,21,24,29,1209049,390429,2653878
13,hgo,Hidalgo,12,5,1,11,9,10,13,4,7,14,20,18,19,22,17,8,15,29,27,24,31,2,25,26,16,3,30,32,21,28,6,33,23,1337453,1,12,6,14,9,18,5,2,8,3,15,17,16,19,4,7,11,30,10,24,23,22,29,28,19,26,13,31,21,26,24,1024088,333724,2425650
14,jal,Jalisco,10,12,1,11,8,9,14,3,6,16,19,13,20,21,18,7,15,30,29,17,27,2,28,25,22,4,30,33,24,32,5,26,23,2033859,1,15,3,13,9,18,2,5,8,6,17,16,10,20,7,4,12,28,11,27,24,22,30,21,19,29,13,31,23,25,26,1558097,481695,6740010
15,mex,México,12,11,1,10,8,9,13,2,7,15,18,17,19,21,16,6,14,29,26,24,31,4,27,25,20,2,28,32,23,29,5,33,22,6594453,1,15,3,12,9,21,2,5,8,7,19,14,11,12,6,4,16,31,18,29,26,24,30,25,20,26,17,10,23,26,22,5091530,1634358,13201180
16,mic,Michoacán,8,12,1,6,9,13,14,2,10,17,11,18,21,20,19,5,15,28,27,23,16,3,28,25,22,4,30,32,26,31,7,33,24,1507990,1,9,6,10,8,15,5,2,11,3,16,14,12,18,4,7,13,29,17,22,24,22,29,27,20,27,19,31,25,26,21,1123403,410645,3728843
17,mor,Morelos,12,10,1,11,8,9,13,4,7,15,21,18,19,23,17,6,13,29,27,24,31,3,25,26,16,2,28,32,19,30,5,33,22,692381,1,16,4,17,13,19,2,5,8,6,15,18,14,20,7,3,11,30,10,29,22,21,26,28,22,25,12,31,9,24,26,538924,171637,1564419
18,nay,Nayarit,9,12,1,11,6,10,13,3,8,15,19,16,20,18,17,5,14,28,25,23,31,2,27,26,21,4,29,33,23,29,7,32,22,422134,1,8,6,12,9,16,5,3,9,2,15,13,17,22,4,7,11,26,14,23,24,21,30,29,19,28,18,31,26,25,20,325415,112750,962583
19,nl,Nuevo León,16,17,2,15,11,14,18,3,10,8,21,4,24,22,20,9,19,30,13,12,5,1,28,27,23,6,29,32,26,31,7,33,25,2145449,2,14,6,3,13,20,5,9,12,1,10,15,11,21,7,8,16,29,17,24,27,4,30,25,19,28,18,31,25,23,22,1574382,482231,4544515
20,oax,Oaxaca,12,11,1,12,7,9,14,2,8,15,16,19,20,21,17,10,18,28,27,23,31,4,26,25,5,3,29,32,22,29,6,33,24,2055287,1,9,6,13,10,16,5,2,8,3,13,15,17,21,4,7,12,28,11,23,19,20,29,30,25,26,18,31,24,22,27,1594125,503793,3143804
21,pue,Puebla,11,10,1,12,8,9,13,4,7,14,19,18,20,21,16,5,15,29,28,24,30,3,26,25,17,2,27,32,22,31,6,33,23,2766001,1,11,6,14,9,17,5,2,8,3,15,17,13,20,4,7,10,30,12,28,24,22,29,23,21,24,15,31,19,27,24,2136749,656773,5040479
22,que,Querétaro,18,16,3,17,7,11,19,2,9,20,25,6,23,24,21,11,15,32,13,8,10,1,29,28,22,4,31,14,26,30,5,33,27,904769,1,17,4,19,12,22,2,8,11,3,20,18,13,23,9,5,16,31,14,26,27,6,10,23,21,28,15,7,23,29,29,699666,212379,1945430
23,qui,Quintana Roo,11,10,2,12,8,9,13,1,7,15,19,16,20,18,17,5,14,27,28,24,30,4,26,25,21,3,29,32,23,31,6,33,22,779678,1,11,7,12,8,18,6,2,9,3,13,16,13,20,4,5,15,30,17,22,26,10,29,27,21,28,19,31,24,23,24,606555,207783,1502073
24,san,San Luis Potosí,10,11,2,8,6,12,13,1,7,14,17,16,15,20,19,5,18,28,24,23,31,3,27,26,22,3,29,32,25,30,9,33,21,1062596,2,9,5,11,8,12,3,4,10,6,14,15,16,19,1,7,13,26,17,24,25,22,30,26,21,29,17,31,26,23,20,814277,367374,2218582
25,sin,Sinaloa,9,10,1,12,8,11,13,2,7,15,18,17,21,19,14,5,16,28,26,23,29,4,27,25,20,3,29,32,22,31,6,33,24,1175481,1,9,6,12,11,17,5,2,8,3,14,18,15,21,4,7,10,26,13,20,23,19,28,30,22,29,15,31,26,24,24,900747,287024,2360554
26,son,Sonora,10,12,1,10,8,9,13,4,7,16,18,17,21,19,15,5,14,29,27,26,22,2,28,25,20,3,30,32,23,31,6,33,24,923408,1,9,6,10,10,17,4,2,8,3,16,13,15,21,5,7,12,29,14,22,25,19,28,30,20,27,18,31,26,24,22,710645,223069,2323798
27,tab,Tabasco,12,9,1,11,6,10,13,2,7,14,17,15,18,20,16,5,19,27,26,24,32,3,28,25,21,4,29,31,22,30,7,33,23,1109589,1,9,6,10,8,16,5,2,11,3,16,13,12,19,4,7,14,29,14,25,26,21,27,29,20,27,18,31,21,24,23,855519,262189,1830022
28,tam,Tamaulipas,9,11,1,9,6,12,13,2,7,14,18,15,19,20,17,5,16,29,27,21,25,3,28,26,22,4,30,32,24,31,8,33,23,1589560,1,10,6,11,9,15,5,2,12,3,17,14,8,20,4,7,13,28,18,27,25,21,30,31,19,29,15,21,26,24,21,1210502,404138,2890003
29,tla,Tlaxcala,9,12,1,10,8,11,14,2,7,13,18,16,17,21,20,5,15,29,26,23,31,4,26,25,22,3,30,32,24,28,6,33,19,519850,1,12,6,14,9,18,5,2,8,4,11,17,16,24,3,7,9,29,12,27,25,22,31,26,20,28,15,30,21,23,19,396528,153570,1061829
30,ver,Veracruz,7,9,1,11,5,10,13,2,6,14,17,15,18,20,16,12,19,28,25,23,31,4,26,27,22,3,30,32,24,29,8,33,21,3917370,1,9,3,11,8,14,2,5,10,6,13,14,16,19,7,4,12,28,17,23,25,22,30,28,21,27,18,31,26,24,20,2961072,1189967,6115336
31,yuc,Yucatán,9,12,1,10,8,11,13,2,7,14,19,16,19,18,17,5,15,29,23,21,25,3,28,27,22,4,31,32,24,30,6,33,26,944260,1,10,7,15,8,18,5,2,9,4,11,17,13,19,3,6,14,31,12,22,28,21,30,25,24,28,19,16,26,23,27,721145,227904,1796175
32,zac,Zacatecas,6,10,1,8,7,11,14,2,9,13,17,15,20,18,19,5,16,28,24,23,29,3,27,25,22,4,31,32,26,30,11,33,21,563589,1,9,6,10,8,14,5,2,12,3,13,15,18,20,4,7,11,26,16,22,24,21,31,29,22,27,17,30,27,25,19,423661,149405,1284337
,,,,,,,,,,,,,,,,,,,,,,,,,,,,,,,,,,,,,,,,,,,,,,,,,,,,,,,,,,,,,,,,,,,,,,
,,candidatos,AGUIRRE BONILLA OLIVIA,ALADRO ECHEVERRIA REBECA STELLA,BATRES GUADARRAMA LENIA,BONILLA GARCIA JAZMIN,CASTAÑEDA PEREZ MARISOL,CRUZ ALCALA SELENE,ESCUDERO MENDOZA SILVIA,ESQUIVEL MOSSA YASMIN,ESTRADA TENA FABIANA,FUENTES JIMENEZ ESTELA,GARCIA MENDOZA IRMA GUADALUPE,GARCIA VILLEGAS SANCHEZ CORDERO PAULA MARIA,GONZALEZ CENTENO ALMA DELIA,GONZALEZ TIRADO ROSA ELENA,GÜICHO GONZALEZ MONICA ARCELIA,HERRERIAS GUERRA SARA IRENE,IBARRA OLGUIN ANA MARIA,MADRIGAL VALDEZ LUTGARDA,MARTINEZ VALERO DORA ALICIA,MORALES IBAÑEZ MARISELA,MOSRI GUTIERREZ MAGDA ZULEMA,ORTIZ AHLF LORETTA,ORTIZ MONROY CYNTHIA,PEREZ ROMO LORENA JOSEFINA,REYES TERAN ARELY,RIOS GONZALEZ MARIA ESTELA,ROJAS OLVERA MARGARITA DARLENE,ROSILLO GARFIAS MA. CONSUELO,SANTOS MENDOZA GLORIA ROSA,TAPIA GUTIERREZ INGRID DE LOS ANGELES,TELLEZ TORRES OROZCO NATALIA,UCARANZA SANCHEZ VERONICA ELIZABETH,ZARZA DELGADO LUZ MARIA,,AGUILAR ORTIZ HUGO,ALLIER CAMPUZANO JAIME,ANAYA GALLARDO FEDERICO,CARLIN DE LA FUENTE ULISES,CORZO SOSA EDGAR,DAVILA RODRIGUEZ ABRAHAM AMIUD,DE PAZ GONZALEZ ISAAC,ESPINOSA BETANZO IRVING,ESPINOZA HERNANDEZ RAYMUNDO,FIGUEROA MEJIA GIOVANNI AZAEL,FLORES CASTRO MAURICIO,GARCIA GONZALEZ JAIME SALVADOR,GARCIA GUERRA ANGEL MARIO,GARDUÑO PASTEN RICARDO,GUERRERO GARCIA ARISTIDES RODRIGO,GUTIERREZ PRIEGO CESAR MARIO,HERNANDEZ PALACIOS MIRON LUIS RAFAEL,ILLANES OLIVARES ROBERTO SALVADOR,JIMENEZ GUTIERREZ JAVIER,LOPEZ ANDRADE GUILLERMO PABLO,LUNA JAIME FRANCISCO,MOLINA MARTINEZ SERGIO JAVIER,MOLINAR ROHANA LUIS EDWIN,ODRIOZOLA MARISCAL CARLOS ENRIQUE,OLMEDO PIÑA CESAR ENRIQUE,REGIS LOPEZ GABRIEL,SANTILLAN PEREZ EDUARDO,SODI CUELLAR RICARDO ALFREDO,SORELA CASTILLO ANTONIO,TORRES MALDONADO EDUARDO JOSE,TORTOLERO SERRANO MAURICIO RICARDO III,,,
,,postulante,PJ,PE,EF,PE-PL-PJ,PE,PE,PE,EF,PE,PL,PL,PJ,PL,PJ,PE,PE-PL,PE-PJ,PJ,PL-PJ,PJ,PJ,EF,PL,PE-PL,PE,PE-PL,PE-PL,PL,PE,PL,PE-PL,PL,PL,,PE,PJ,PE-PL,PL-PJ,PJ,PL,PE,PE,PL,PE,PL,PL-PJ,PL-PJ,PJ,PE,PL,PE,PL,PE,PJ,PL,PJ,PE,PJ,PL-PJ,PE,PE,PJ,PE,PL,PJ,,,
